Country Name,Country Code,Indicator Name,Indicator Code,2010,2011,2012,2013,2014,2015,2016,2017,2018
Aruba,ABW,GDP per capita (current US$),NY.GDP.PCAP.CD,23512.6026,24984.27945,24709.60226,25018.30895,25528.40378,25796.38025,25251.63968,25655.10202,
Afghanistan,AFG,GDP per capita (current US$),NY.GDP.PCAP.CD,550.514974,599.2976298,648.5110696,647.9664605,625.3395388,590.0764738,549.5827599,550.0684588,
Angola,AGO,GDP per capita (current US$),NY.GDP.PCAP.CD,3585.905553,4615.867475,5102.489969,5258.407376,5412.692348,4170.730358,3509.604211,4100.289786,
Albania,ALB,GDP per capita (current US$),NY.GDP.PCAP.CD,4094.360204,4437.177794,4247.614342,4413.082887,4578.667934,3952.830781,4131.872341,4537.579056,
Andorra,AND,GDP per capita (current US$),NY.GDP.PCAP.CD,39736.35406,41098.76694,38391.08087,40619.7113,42294.99473,36038.2676,37231.81567,39146.54884,
Arab World,ARB,GDP per capita (current US$),NY.GDP.PCAP.CD,5918.315891,6856.035033,7465.13523,7510.729986,7456.598173,6429.128604,6185.063514,6239.713933,
United Arab Emirates,ARE,GDP per capita (current US$),NY.GDP.PCAP.CD,35037.89267,40434.36635,42086.68995,43315.14149,44443.06151,39122.04971,38517.80039,40698.84934,
Argentina,ARG,GDP per capita (current US$),NY.GDP.PCAP.CD,10276.2605,12726.90836,12969.70712,12976.63642,12245.25645,13698.29344,12654.355,14398.35877,
Armenia,ARM,GDP per capita (current US$),NY.GDP.PCAP.CD,3218.381655,3526.978143,3684.80481,3843.591213,3994.712355,3617.935746,3605.743117,3936.79832,
American Samoa,ASM,GDP per capita (current US$),NY.GDP.PCAP.CD,10352.82276,10375.99422,11660.32953,11589.853,11598.75174,11901.97526,11744.81555,11394.4753,
Antigua and Barbuda,ATG,GDP per capita (current US$),NY.GDP.PCAP.CD,12174.6978,11931.204,12517.55794,12194.54959,12900.903,13602.42124,14506.60354,14803.01093,
Australia,AUS,GDP per capita (current US$),NY.GDP.PCAP.CD,51936.88871,62411.78545,67864.68986,67990.29003,62327.55594,56561.41238,49896.6811,53799.93809,
Austria,AUT,GDP per capita (current US$),NY.GDP.PCAP.CD,46858.04327,51374.95841,48567.69529,50716.70871,51704.54119,44206.78428,44731.01086,47290.91165,
Azerbaijan,AZE,GDP per capita (current US$),NY.GDP.PCAP.CD,5842.805784,7189.691229,7496.294648,7875.756953,7891.313147,5500.310382,3880.738731,4131.61831,
Burundi,BDI,GDP per capita (current US$),NY.GDP.PCAP.CD,231.7955369,247.2293791,250.3627366,255.372691,273.538285,304.3742207,281.1813376,292.0052103,
Belgium,BEL,GDP per capita (current US$),NY.GDP.PCAP.CD,44380.17663,47702.81189,44740.58325,46582.66955,47351.97418,40361.15419,41260.97755,43323.80734,
Benin,BEN,GDP per capita (current US$),NY.GDP.PCAP.CD,757.6959074,825.9427854,837.9505001,915.3281554,943.686575,783.9630778,788.5324424,827.3936794,
Burkina Faso,BFA,GDP per capita (current US$),NY.GDP.PCAP.CD,575.4464527,666.8404101,673.8228182,699.781537,703.8216565,575.3144542,583.8308982,642.0371483,
Bangladesh,BGD,GDP per capita (current US$),NY.GDP.PCAP.CD,757.6717572,835.7893401,856.342857,951.8894535,1084.56543,1210.158849,1358.779186,1516.51327,
Bulgaria,BGR,GDP per capita (current US$),NY.GDP.PCAP.CD,6843.26695,7813.806692,7378.02473,7646.839866,7864.760672,6993.783483,7469.455638,8227.960406,
Bahrain,BHR,GDP per capita (current US$),NY.GDP.PCAP.CD,20722.10389,22512.1596,23649.36661,24737.17178,24983.37902,22688.87824,22560.58127,23655.0356,
"Bahamas, The",BHS,GDP per capita (current US$),NY.GDP.PCAP.CD,27979.11493,27472.25617,28815.5274,28171.986,28671.34697,30483.8201,30260.30591,30762.01244,
Bosnia and Herzegovina,BIH,GDP per capita (current US$),NY.GDP.PCAP.CD,4614.829041,5054.325344,4722.013403,5042.582213,5204.243718,4584.242548,4808.636043,5148.208517,
Belarus,BLR,GDP per capita (current US$),NY.GDP.PCAP.CD,6181.399916,6519.230195,6940.159254,7978.872615,8318.51269,5949.106307,5025.405064,5727.511718,
Belize,BLZ,GDP per capita (current US$),NY.GDP.PCAP.CD,4342.963173,4515.892701,4644.559565,4673.245037,4813.718033,4905.536645,4923.358922,4971.201636,
Bermuda,BMU,GDP per capita (current US$),NY.GDP.PCAP.CD,88207.32756,85973.15842,85458.45551,85748.06541,,,,,
Bolivia,BOL,GDP per capita (current US$),NY.GDP.PCAP.CD,1981.170116,2377.688771,2645.227753,2947.938526,3124.00031,3077.026199,3117.330459,3393.955818,
Brazil,BRA,GDP per capita (current US$),NY.GDP.PCAP.CD,11224.15408,13167.47289,12291.46685,12216.90446,12026.61939,8750.222996,8639.365743,9821.407686,
Barbados,BRB,GDP per capita (current US$),NY.GDP.PCAP.CD,16203.15557,16610.41835,16536.21464,16326.91348,16261.79932,16129.04928,15891.62655,16356.98011,
Brunei Darussalam,BRN,GDP per capita (current US$),NY.GDP.PCAP.CD,35268.10117,47017.0273,47651.25909,44597.27968,41530.66898,30967.89051,26939.41802,28290.5852,
Bhutan,BTN,GDP per capita (current US$),NY.GDP.PCAP.CD,2178.921383,2458.045976,2422.008016,2350.882889,2522.794953,2616.010343,2782.367967,3130.233543,
Botswana,BWA,GDP per capita (current US$),NY.GDP.PCAP.CD,6346.156204,7483.878689,6901.971971,7001.034418,7493.752924,6521.146128,6954.144126,7595.611141,
Central African Republic,CAF,GDP per capita (current US$),NY.GDP.PCAP.CD,446.4436878,490.5103907,483.1860932,337.484979,377.1321263,348.3814271,382.0702811,418.411287,
Canada,CAN,GDP per capita (current US$),NY.GDP.PCAP.CD,47447.47602,52082.21076,52496.69487,52418.31506,50633.20882,43525.37019,42348.94546,45032.11991,
Central Europe and the Baltics,CEB,GDP per capita (current US$),NY.GDP.PCAP.CD,12551.88023,13871.63242,12997.92622,13709.61259,14147.9978,12453.17713,12764.28773,14159.23242,
Switzerland,CHE,GDP per capita (current US$),NY.GDP.PCAP.CD,74605.72102,88415.62806,83538.23008,85112.4644,86605.56338,82016.02131,79866.03187,80189.69686,
Channel Islands,CHI,GDP per capita (current US$),NY.GDP.PCAP.CD,,,,,,,,,
Chile,CHL,GDP per capita (current US$),NY.GDP.PCAP.CD,12860.17764,14705.69242,15431.90293,15941.39722,14794.31583,13736.63569,13960.89421,15346.4497,
China,CHN,GDP per capita (current US$),NY.GDP.PCAP.CD,4560.512586,5633.795717,6337.883323,7077.770765,7683.502613,8069.213024,8117.267465,8826.994096,
Cote d'Ivoire,CIV,GDP per capita (current US$),NY.GDP.PCAP.CD,1219.749096,1214.703946,1250.808924,1423.682282,1568.627628,1715.105518,1493.506061,1537.504031,
Cameroon,CMR,GDP per capita (current US$),NY.GDP.PCAP.CD,1309.122208,1429.647553,1380.509848,1493.746567,1571.182535,1353.92449,1391.751883,1451.865747,
"Congo, Dem. Rep.",COD,GDP per capita (current US$),NY.GDP.PCAP.CD,334.2317025,387.3235796,424.8593185,458.2384062,487.0814869,497.6297557,471.6359456,462.7795441,
"Congo, Rep.",COG,GDP per capita (current US$),NY.GDP.PCAP.CD,2737.34233,3196.647524,2952.052348,2964.572989,2910.520226,1712.121146,1762.809913,1654.010322,
Colombia,COL,GDP per capita (current US$),NY.GDP.PCAP.CD,6230.738366,7207.028905,7904.495789,8065.960376,7974.406373,6085.209979,5813.694519,6408.920012,
Comoros,COM,GDP per capita (current US$),NY.GDP.PCAP.CD,1315.214806,1446.068018,1403.434335,1504.931007,1511.826037,1271.057042,1287.406402,1312.333925,
Cabo Verde,CPV,GDP per capita (current US$),NY.GDP.PCAP.CD,3312.825985,3670.429453,3408.482762,3557.870977,3532.993527,2996.362046,3082.157104,3244.409561,
Costa Rica,CRI,GDP per capita (current US$),NY.GDP.PCAP.CD,8199.414621,9186.59639,9985.36959,10569.66631,10630.9979,11393.02842,11767.50425,11677.26904,
Caribbean small states,CSS,GDP per capita (current US$),NY.GDP.PCAP.CD,9059.000053,9724.12451,9978.387147,10020.57332,10121.31048,9835.190116,9339.012783,9448.224139,
Cuba,CUB,GDP per capita (current US$),NY.GDP.PCAP.CD,5676.141403,6075.924306,6425.941119,6760.15344,7050.493249,7602.278668,7961.84588,8433.092699,
Curacao,CUW,GDP per capita (current US$),NY.GDP.PCAP.CD,,,,,,,,,
Cayman Islands,CYM,GDP per capita (current US$),NY.GDP.PCAP.CD,,,,,,,,,
Cyprus,CYP,GDP per capita (current US$),NY.GDP.PCAP.CD,30818.46396,32233.83942,28984.91481,27942.31667,27400.80299,23212.2247,23666.97357,25233.57098,
Czech Republic,CZE,GDP per capita (current US$),NY.GDP.PCAP.CD,19808.07109,21717.45794,19729.87051,19916.01939,19744.55861,17715.61685,18483.71648,20368.13856,
Germany,DEU,GDP per capita (current US$),NY.GDP.PCAP.CD,41785.55691,46810.32796,44065.24891,46530.91143,48042.56343,41323.9215,42232.57421,44469.90906,
Djibouti,DJI,GDP per capita (current US$),NY.GDP.PCAP.CD,1325.990724,1430.986898,1536.150685,1477.363042,1595.146365,1761.610158,1872.234623,1927.589706,
Dominica,DMA,GDP per capita (current US$),NY.GDP.PCAP.CD,6912.435714,6986.046687,6745.849758,6933.413648,7193.668111,7392.234584,7824.921777,6719.337166,
Denmark,DNK,GDP per capita (current US$),NY.GDP.PCAP.CD,58041.41122,61753.66007,58507.50021,61191.19263,62548.98502,53012.99658,53578.75657,56307.5083,
Dominican Republic,DOM,GDP per capita (current US$),NY.GDP.PCAP.CD,5453.926861,5765.496453,5973.222937,6094.734904,6348.837769,6534.908555,6793.538125,7052.258839,
Algeria,DZA,GDP per capita (current US$),NY.GDP.PCAP.CD,4463.394675,5432.41332,5565.134521,5471.123389,5466.425778,4162.852181,3943.49755,4055.247211,
East Asia & Pacific (excluding high income),EAP,GDP per capita (current US$),NY.GDP.PCAP.CD,4008.912012,4865.856302,5389.269721,5905.256026,6303.614988,6510.60489,6579.021588,7126.385077,
Early-demographic dividend,EAR,GDP per capita (current US$),NY.GDP.PCAP.CD,2931.116467,3244.488829,3351.452035,3364.234825,3430.194553,3281.296082,3304.825187,3513.220852,
East Asia & Pacific,EAS,GDP per capita (current US$),NY.GDP.PCAP.CD,7676.520589,8842.717855,9401.269325,9445.932453,9663.423187,9546.304672,9793.049015,10368.48391,
Europe & Central Asia (excluding high income),ECA,GDP per capita (current US$),NY.GDP.PCAP.CD,7759.082166,9539.706873,10048.79748,10620.74073,9851.283117,7485.565283,7125.250957,7947.079776,
Europe & Central Asia,ECS,GDP per capita (current US$),NY.GDP.PCAP.CD,23532.29804,26013.13929,24973.05693,25978.79678,26197.31383,22452.39948,22248.7986,23422.19437,
Ecuador,ECU,GDP per capita (current US$),NY.GDP.PCAP.CD,4657.302361,5223.351763,5702.104313,6074.090829,6396.630483,6150.155955,6099.315303,6273.488892,
"Egypt, Arab Rep.",EGY,GDP per capita (current US$),NY.GDP.PCAP.CD,2602.479549,2747.480327,3181.441708,3213.389158,3327.754247,3547.713012,3479.281246,2412.727082,
Euro area,EMU,GDP per capita (current US$),NY.GDP.PCAP.CD,37605.14599,40610.71931,37604.58584,39111.44949,39823.50578,34362.64506,35039.41548,36870.17553,
Eritrea,ERI,GDP per capita (current US$),NY.GDP.PCAP.CD,482.1490904,582.7755302,,,,,,,
Spain,ESP,GDP per capita (current US$),NY.GDP.PCAP.CD,30736.62785,31835.2888,28563.85904,29211.77375,29623.16445,25789.51955,26616.7578,28156.81584,
Estonia,EST,GDP per capita (current US$),NY.GDP.PCAP.CD,14638.60482,17454.84342,17421.89022,19072.23852,19949.58138,17155.87418,17736.8027,19704.65504,
Ethiopia,ETH,GDP per capita (current US$),NY.GDP.PCAP.CD,341.3099092,354.8463544,468.5067249,502.1535887,571.1622759,645.4650067,712.87795,767.5634778,
European Union,EUU,GDP per capita (current US$),NY.GDP.PCAP.CD,33676.04694,36406.73166,34234.02801,35586.56797,36670.8223,32206.69761,32263.53852,33723.2706,
Fragile and conflict affected situations,FCS,GDP per capita (current US$),NY.GDP.PCAP.CD,1487.456477,1596.311287,1795.562095,1828.861316,1806.318884,1602.641823,1495.683294,1608.798658,
Finland,FIN,GDP per capita (current US$),NY.GDP.PCAP.CD,46202.41516,50790.72415,47415.55987,49638.07713,49914.61864,42424.22081,43433.03222,45703.32787,
Fiji,FJI,GDP per capita (current US$),NY.GDP.PCAP.CD,3651.966784,4353.121392,4546.738504,4763.068956,5061.397575,4889.461454,5197.50914,5589.388833,
France,FRA,GDP per capita (current US$),NY.GDP.PCAP.CD,40638.334,43790.7354,40874.71596,42592.95152,43008.65257,36613.37522,36870.21913,38476.65864,
Faroe Islands,FRO,GDP per capita (current US$),NY.GDP.PCAP.CD,47397.90292,50789.0486,48421.80307,53612.825,57543.66906,50581.96849,,,
"Micronesia, Fed. Sts.",FSM,GDP per capita (current US$),NY.GDP.PCAP.CD,2861.771348,3000.948119,3150.910602,3047.584425,3057.24559,3018.008675,3143.749107,3187.556848,
Gabon,GAB,GDP per capita (current US$),NY.GDP.PCAP.CD,8754.113376,10716.20258,9774.181017,9679.758914,9692.182125,7448.715685,7078.72954,7413.795207,
United Kingdom,GBR,GDP per capita (current US$),NY.GDP.PCAP.CD,38893.01849,41412.34924,41790.77914,42724.06788,46783.46922,44305.55463,40412.03362,39720.44343,
Georgia,GEO,GDP per capita (current US$),NY.GDP.PCAP.CD,2964.477041,3725.063219,4142.869176,4274.376865,4429.650075,3764.640916,3865.785693,4057.286081,
Ghana,GHA,GDP per capita (current US$),NY.GDP.PCAP.CD,1312.607557,1574.978653,1629.800222,2401.754122,1987.983363,1783.061087,1950.234377,2046.109986,
Gibraltar,GIB,GDP per capita (current US$),NY.GDP.PCAP.CD,,,,,,,,,
Guinea,GIN,GDP per capita (current US$),NY.GDP.PCAP.CD,634.9231054,614.8647662,677.0434993,726.0893942,743.5912878,727.302519,701.3886423,823.4937155,
"Gambia, The",GMB,GDP per capita (current US$),NY.GDP.PCAP.CD,562.4837817,514.3781619,504.9739367,735.2358088,656.496763,704.9740416,707.5289845,709.077158,
Guinea-Bissau,GNB,GDP per capita (current US$),NY.GDP.PCAP.CD,545.7041208,688.1412395,603.9339835,621.9406736,610.4684902,591.8061497,648.8989366,723.6094119,
Equatorial Guinea,GNQ,GDP per capita (current US$),NY.GDP.PCAP.CD,17136.44568,21451.88617,21557.65187,20246.99308,19245.65151,11213.47523,9218.987324,9697.630234,
Greece,GRC,GDP per capita (current US$),NY.GDP.PCAP.CD,26917.75898,25916.29353,22242.68193,21874.8195,21760.9798,18070.77678,17881.5267,18613.42387,
Grenada,GRD,GDP per capita (current US$),NY.GDP.PCAP.CD,7365.641538,7410.477525,7583.188055,7956.076548,8569.926734,9333.270231,9892.479497,10451.02988,
Greenland,GRL,GDP per capita (current US$),NY.GDP.PCAP.CD,43988.33249,47186.98147,45936.76595,47262.28276,50408.33455,44912.26609,48159.66532,,
Guatemala,GTM,GDP per capita (current US$),NY.GDP.PCAP.CD,2825.519029,3187.841465,3299.605536,3452.834671,3687.763767,3923.573344,4140.737635,4470.989572,
Guam,GUM,GDP per capita (current US$),NY.GDP.PCAP.CD,30700.43401,30862.11,32499.23425,33272.01871,34404.5674,35291.13642,35562.56753,35675.79417,
Guyana,GUY,GDP per capita (current US$),NY.GDP.PCAP.CD,3044.948083,3438.825278,3799.753364,3941.114661,4031.531939,4160.265415,4531.243527,4655.144448,
High income,HIC,GDP per capita (current US$),NY.GDP.PCAP.CD,38137.9556,41018.65187,40812.21025,41009.04412,41598.07858,39134.28941,39674.62175,41214.28084,
"Hong Kong SAR, China",HKG,GDP per capita (current US$),NY.GDP.PCAP.CD,32549.99823,35142.48793,36730.8767,38403.77771,40315.28556,42431.88828,43737.04197,46193.61452,
Honduras,HND,GDP per capita (current US$),NY.GDP.PCAP.CD,1932.85829,2120.589469,2178.388555,2136.771718,2242.707459,2341.27532,2375.096327,2480.125929,
Heavily indebted poor countries (HIPC),HPC,GDP per capita (current US$),NY.GDP.PCAP.CD,751.2451657,816.1727046,853.0430255,926.5969751,952.2959233,918.4617485,903.4606825,970.6319121,
Croatia,HRV,GDP per capita (current US$),NY.GDP.PCAP.CD,13546.21421,14578.2901,13250.75712,13663.51913,13606.89344,11773.26466,12371.00216,13382.71985,
Haiti,HTI,GDP per capita (current US$),NY.GDP.PCAP.CD,662.2795182,740.9358452,766.8437623,810.2656073,830.1138816,814.5463952,734.8025912,765.6839246,
Hungary,HUN,GDP per capita (current US$),NY.GDP.PCAP.CD,13092.23376,14118.12263,12888.30459,13667.70279,14201.44883,12483.86594,12820.0882,14224.84646,
IBRD only,IBD,GDP per capita (current US$),NY.GDP.PCAP.CD,4511.442885,5283.085067,5561.142174,5820.744609,5954.494235,5567.332373,5541.793618,6043.385053,
IDA & IBRD total,IBT,GDP per capita (current US$),NY.GDP.PCAP.CD,3693.94054,4302.541238,4519.358954,4727.529615,4835.204865,4519.176995,4473.559036,4846.560308,
IDA total,IDA,GDP per capita (current US$),NY.GDP.PCAP.CD,1060.344966,1182.489343,1247.354228,1339.836847,1413.441925,1357.360982,1291.448292,1325.647121,
IDA blend,IDB,GDP per capita (current US$),NY.GDP.PCAP.CD,1559.863381,1758.640866,1891.820852,2009.949426,2127.256266,1968.999911,1782.698199,1734.022521,
Indonesia,IDN,GDP per capita (current US$),NY.GDP.PCAP.CD,3113.480635,3634.276805,3687.953996,3620.663981,3491.595887,3334.549075,3570.284615,3846.864323,
IDA only,IDX,GDP per capita (current US$),NY.GDP.PCAP.CD,807.1554082,890.818313,919.5844446,999.2857872,1050.07692,1047.696117,1045.305747,1124.523563,
Isle of Man,IMN,GDP per capita (current US$),NY.GDP.PCAP.CD,73935.679,81304.85001,79028.04498,82356.82337,89941.64429,81672.0227,78730.16228,,
India,IND,GDP per capita (current US$),NY.GDP.PCAP.CD,1345.770153,1461.671957,1446.98541,1452.195373,1576.004018,1606.038285,1717.473878,1942.097401,
Not classified,INX,GDP per capita (current US$),NY.GDP.PCAP.CD,,,,,,,,,
Ireland,IRL,GDP per capita (current US$),NY.GDP.PCAP.CD,48671.88829,52186.49627,49042.33825,51773.11137,55412.9286,61807.67037,64100.42995,69330.69015,
"Iran, Islamic Rep.",IRN,GDP per capita (current US$),NY.GDP.PCAP.CD,6531.92743,7729.343353,7832.902635,6036.192088,5540.984136,4862.299729,5219.109408,5593.853783,
Iraq,IRQ,GDP per capita (current US$),NY.GDP.PCAP.CD,4502.749048,5854.614497,6651.12242,6925.224046,6703.074737,4914.727611,4584.617431,5017.968065,
Iceland,ISL,GDP per capita (current US$),NY.GDP.PCAP.CD,41851.73548,46181.95294,44562.81802,48023.62691,52855.14048,51213.66133,60529.92676,70056.87339,
Israel,ISR,GDP per capita (current US$),NY.GDP.PCAP.CD,30642.94062,33689.83853,32525.95659,36291.23211,37539.95182,35690.96308,37180.84981,40270.25135,
Italy,ITA,GDP per capita (current US$),NY.GDP.PCAP.CD,35849.3732,38334.68385,34814.12512,35370.27526,35396.66572,30180.32151,30668.98143,31952.97592,
Jamaica,JAM,GDP per capita (current US$),NY.GDP.PCAP.CD,4685.58832,5093.972548,5208.996089,4976.848781,4839.892104,4925.415859,4883.86027,5114.041081,
Jordan,JOR,GDP per capita (current US$),NY.GDP.PCAP.CD,3679.190275,3807.324145,3870.753211,3992.867107,4066.940775,4096.099275,4087.937517,4129.751664,
Japan,JPN,GDP per capita (current US$),NY.GDP.PCAP.CD,44507.67639,48167.99727,48603.47665,40454.44746,38109.41211,34567.74568,38972.34064,38428.09732,
Kazakhstan,KAZ,GDP per capita (current US$),NY.GDP.PCAP.CD,9070.488253,11634.0019,12386.7,13890.63177,12807.26069,10510.77189,7714.841844,9030.383889,
Kenya,KEN,GDP per capita (current US$),NY.GDP.PCAP.CD,967.3504549,987.4453967,1155.020583,1229.101069,1335.123148,1355.055471,1462.503743,1594.834926,
Kyrgyz Republic,KGZ,GDP per capita (current US$),NY.GDP.PCAP.CD,880.0377751,1123.883168,1177.974735,1282.437162,1279.769783,1121.082835,1120.666513,1219.824048,
Cambodia,KHM,GDP per capita (current US$),NY.GDP.PCAP.CD,785.6928841,882.4901462,951.1112311,1013.665952,1093.762067,1163.18977,1269.907238,1384.423187,
Kiribati,KIR,GDP per capita (current US$),NY.GDP.PCAP.CD,1520.875339,1736.211995,1784.428931,1705.56891,1626.893872,1522.306195,1558.886953,1594.29287,
St. Kitts and Nevis,KNA,GDP per capita (current US$),NY.GDP.PCAP.CD,14904.94842,15742.95529,15219.1976,15977.28383,17061.30296,17247.17086,17492.80719,17924.06546,
"Korea, Rep.",KOR,GDP per capita (current US$),NY.GDP.PCAP.CD,22086.95292,24079.78852,24358.78218,25890.01867,27811.36638,27105.07623,27608.24743,29742.83886,
Kuwait,KWT,GDP per capita (current US$),NY.GDP.PCAP.CD,38497.61696,48268.5912,51264.07134,48399.80782,42996.31522,29109.06874,27368.28668,29040.36371,
Latin America & Caribbean (excluding high income),LAC,GDP per capita (current US$),NY.GDP.PCAP.CD,8537.477238,9514.015897,9440.558257,9553.442718,9736.740263,7887.48546,7620.864509,8350.108418,
Lao PDR,LAO,GDP per capita (current US$),NY.GDP.PCAP.CD,1141.127115,1381.425606,1588.633147,1838.80602,2017.587781,2159.433152,2338.692157,2457.377414,
Lebanon,LBN,GDP per capita (current US$),NY.GDP.PCAP.CD,8858.283972,8734.189185,8959.258471,8807.901335,8660.036928,8529.51366,8571.126248,8808.589448,
Liberia,LBR,GDP per capita (current US$),NY.GDP.PCAP.CD,506.0630046,589.1650146,650.7136207,715.5370459,716.0529087,706.0594659,710.4360094,694.3195828,
Libya,LBY,GDP per capita (current US$),NY.GDP.PCAP.CD,12120.56217,5602.549434,13209.14078,10571.85076,6631.529047,4465.490366,4166.630529,5978.042926,
St. Lucia,LCA,GDP per capita (current US$),NY.GDP.PCAP.CD,8008.197165,8272.394547,8216.015524,8367.27622,8596.351698,9155.653328,9188.412753,9715.194786,
Latin America & Caribbean,LCN,GDP per capita (current US$),NY.GDP.PCAP.CD,8964.833879,10075.44979,10062.74462,10194.61279,10278.24089,8742.394146,8438.662618,9274.781581,
Least developed countries: UN classification,LDC,GDP per capita (current US$),NY.GDP.PCAP.CD,786.1440717,886.4118987,925.0753293,979.1007974,1038.052311,1003.340755,981.6192563,1071.438079,
Low income,LIC,GDP per capita (current US$),NY.GDP.PCAP.CD,641.7511046,708.6208977,747.5897549,799.5629712,834.7792567,800.0023112,754.331438,785.5817826,
Liechtenstein,LIE,GDP per capita (current US$),NY.GDP.PCAP.CD,141165.0829,158283.0763,149295.646,173528.1505,179308.0756,167590.6083,164993.1942,,
Sri Lanka,LKA,GDP per capita (current US$),NY.GDP.PCAP.CD,2808.434392,3214.014195,3350.521876,3610.289363,3820.54065,3844.514008,3857.351319,4073.736519,
Lower middle income,LMC,GDP per capita (current US$),NY.GDP.PCAP.CD,1673.463906,1869.990532,1932.136665,1988.32899,2063.063912,2019.443661,2065.682356,2192.31892,
Low & middle income,LMY,GDP per capita (current US$),NY.GDP.PCAP.CD,3531.695094,4115.572424,4337.848041,4542.912249,4658.30338,4346.270662,4309.244096,4662.155413,
Lesotho,LSO,GDP per capita (current US$),NY.GDP.PCAP.CD,1157.341092,1350.643252,1281.611508,1192.998766,1218.466106,1154.355219,1054.268754,1154.444246,
Late-demographic dividend,LTE,GDP per capita (current US$),NY.GDP.PCAP.CD,6190.532566,7503.667153,7979.432583,8551.549926,8807.090267,8203.423306,8156.760591,8982.239,
Lithuania,LTU,GDP per capita (current US$),NY.GDP.PCAP.CD,11984.86857,14357.73523,14341.18163,15693.78673,16545.12267,14289.12057,14912.68654,16680.6781,
Luxembourg,LUX,GDP per capita (current US$),NY.GDP.PCAP.CD,104965.3061,115761.5077,106749.0136,113625.1329,119225.38,101446.7863,100738.6842,104103.0367,
Latvia,LVA,GDP per capita (current US$),NY.GDP.PCAP.CD,11326.21947,13702.68947,13822.80559,15032.28201,15716.36907,13639.69412,14070.42265,15594.28602,
"Macao SAR, China",MAC,GDP per capita (current US$),NY.GDP.PCAP.CD,52374.79445,66813.34974,76496.36619,89524.84436,94004.38983,75484.28658,74017.18471,80892.82133,
St. Martin (French part),MAF,GDP per capita (current US$),NY.GDP.PCAP.CD,,,,,,,,,
Morocco,MAR,GDP per capita (current US$),NY.GDP.PCAP.CD,2834.20472,3039.916016,2904.746728,3111.762887,3154.513484,2847.285569,2892.775561,3007.242877,
Monaco,MCO,GDP per capita (current US$),NY.GDP.PCAP.CD,144569.1758,162155.4986,152000.3621,172588.8778,185152.5272,163369.0708,168010.9149,,
Moldova,MDA,GDP per capita (current US$),NY.GDP.PCAP.CD,1631.535832,1970.571373,2046.536787,2243.990178,2244.755308,1832.495194,1913.237414,2289.877719,
Madagascar,MDG,GDP per capita (current US$),NY.GDP.PCAP.CD,412.7309341,454.963464,443.9061001,461.7230722,452.4631926,402.0883118,401.7422654,449.7223819,
Maldives,MDV,GDP per capita (current US$),NY.GDP.PCAP.CD,7100.405899,7395.6878,7473.195629,8291.485295,9056.65344,9821.690574,10319.09716,11151.06921,
Middle East & North Africa,MEA,GDP per capita (current US$),NY.GDP.PCAP.CD,7126.771934,8276.267767,8832.510906,8603.253386,8473.746228,7336.451394,7225.729859,7372.265034,
Mexico,MEX,GDP per capita (current US$),NY.GDP.PCAP.CD,9016.457927,9912.582362,9940.468561,10400.56316,10582.41053,9298.242878,8450.49401,8910.333177,
Marshall Islands,MHL,GDP per capita (current US$),NY.GDP.PCAP.CD,3146.763948,3297.558144,3516.899911,3614.130661,3461.781164,3390.910292,3665.207477,3843.119884,
Middle income,MIC,GDP per capita (current US$),NY.GDP.PCAP.CD,3876.907232,4527.834761,4778.721344,5009.654766,5142.301059,4802.230704,4772.199237,5173.860153,
"Macedonia, FYR",MKD,GDP per capita (current US$),NY.GDP.PCAP.CD,4542.904104,5064.041106,4698.689476,5211.4992,5469.217898,4840.319679,5128.02282,5414.614823,
Mali,MLI,GDP per capita (current US$),NY.GDP.PCAP.CD,708.3707632,835.0889098,777.3476868,803.8935757,845.720641,749.9179512,778.6004251,827.0064008,
Malta,MLT,GDP per capita (current US$),NY.GDP.PCAP.CD,21087.79469,22835.37683,21916.97221,23820.36341,25811.878,23715.53414,24758.69562,26903.82452,
Myanmar,MMR,GDP per capita (current US$),NY.GDP.PCAP.CD,987.7365832,1186.423937,1175.561788,1171.464477,1260.418504,1138.992976,1196.103204,1256.660675,
Middle East & North Africa (excluding high income),MNA,GDP per capita (current US$),NY.GDP.PCAP.CD,4122.744869,4588.710354,4964.015822,4578.379819,4426.713898,3930.296003,3904.026668,3791.753562,
Montenegro,MNE,GDP per capita (current US$),NY.GDP.PCAP.CD,6682.281158,7318.742449,6586.719209,7186.431924,7378.341022,6514.272695,7028.940132,7782.83979,
Mongolia,MNG,GDP per capita (current US$),NY.GDP.PCAP.CD,2650.353648,3769.595269,4368.082248,4385.379355,4181.583313,3946.962075,3695.164849,3717.473389,
Northern Mariana Islands,MNP,GDP per capita (current US$),NY.GDP.PCAP.CD,14681.02308,13628.08166,13980.41625,14471.83359,15513.69612,16984.09224,22717.77257,28888.00232,
Mozambique,MOZ,GDP per capita (current US$),NY.GDP.PCAP.CD,419.2258149,526.5313517,566.051387,605.9856082,623.2867539,528.3130512,380.9073058,426.2219619,
Mauritania,MRT,GDP per capita (current US$),NY.GDP.PCAP.CD,1201.756291,1389.67101,1365.777822,1450.577949,1326.668654,1158.256371,1101.901627,1136.764591,
Mauritius,MUS,GDP per capita (current US$),NY.GDP.PCAP.CD,8000.376432,9197.026972,9291.227619,9637.00265,10153.93822,9260.447303,9681.618567,10490.50397,
Malawi,MWI,GDP per capita (current US$),NY.GDP.PCAP.CD,458.8654301,512.170232,374.5029326,332.9210249,354.3189898,362.6581977,300.3077488,338.4844303,
Malaysia,MYS,GDP per capita (current US$),NY.GDP.PCAP.CD,9071.356987,10405.12062,10779.50751,10882.2891,11183.72943,9655.137377,9515.194318,9951.544153,
North America,NAC,GDP per capita (current US$),NY.GDP.PCAP.CD,48291.07443,50027.57819,51561.45955,52751.79899,54295.34242,55153.21527,56058.64352,58070.06614,
Namibia,NAM,GDP per capita (current US$),NY.GDP.PCAP.CD,5191.583081,5600.971392,5749.404752,5490.041314,5392.712421,4803.283299,4549.421642,5230.771726,
New Caledonia,NCL,GDP per capita (current US$),NY.GDP.PCAP.CD,,,,,,,,,
Niger,NER,GDP per capita (current US$),NY.GDP.PCAP.CD,348.1560591,375.5828559,391.5182495,416.1401152,429.7909578,362.7521977,364.1605078,378.0592523,
Nigeria,NGA,GDP per capita (current US$),NY.GDP.PCAP.CD,2291.360013,2519.289941,2745.866752,2996.964303,3221.678116,2729.762778,2175.656276,1968.425523,
Nicaragua,NIC,GDP per capita (current US$),NY.GDP.PCAP.CD,1526.497938,1682.957924,1792.038045,1847.198049,1975.464707,2073.497938,2143.925893,2221.806445,
Netherlands,NLD,GDP per capita (current US$),NY.GDP.PCAP.CD,50338.25483,53540.60536,49474.70561,51574.48942,52157.40687,44746.33405,45637.88675,48223.15549,
Norway,NOR,GDP per capita (current US$),NY.GDP.PCAP.CD,87770.26684,100711.2248,101668.1707,103059.2482,97199.9191,74498.13764,70890.03557,75504.56626,
Nepal,NPL,GDP per capita (current US$),NY.GDP.PCAP.CD,592.1835216,692.1166842,681.7925868,688.6172788,706.2386977,747.1604624,730.9833283,849.0110426,
Nauru,NRU,GDP per capita (current US$),NY.GDP.PCAP.CD,4912.599558,7233.946609,10099.422,10036.18321,9872.638314,8052.888385,7821.298918,8343.827999,
New Zealand,NZL,GDP per capita (current US$),NY.GDP.PCAP.CD,33692.01083,38426.55081,39970.25624,42949.32684,44560.64037,38649.3785,40331.9591,42940.57829,
OECD members,OED,GDP per capita (current US$),NY.GDP.PCAP.CD,35847.47607,38328.27549,38022.5493,38236.27147,38776.57085,36395.21953,36863.88658,38151.36194,
Oman,OMN,GDP per capita (current US$),NY.GDP.PCAP.CD,19281.00081,20986.08496,22134.80137,21227.21235,20469.13865,16406.71162,15102.38231,15668.36663,
Other small states,OSS,GDP per capita (current US$),NY.GDP.PCAP.CD,12346.14668,14892.39507,15219.44986,15488.71093,15573.59142,12606.30741,12167.62329,13169.0818,
Pakistan,PAK,GDP per capita (current US$),NY.GDP.PCAP.CD,1040.142268,1226.215314,1261.208967,1272.441061,1316.980966,1428.637628,1442.28584,1547.853414,
Panama,PAN,GDP per capita (current US$),NY.GDP.PCAP.CD,8080.838225,9354.979419,10715.71661,11879.75653,12787.3062,13627.69475,14366.85289,15196.39734,
Peru,PER,GDP per capita (current US$),NY.GDP.PCAP.CD,5022.493191,5771.565878,6387.785281,6583.116248,6492.053208,6053.112415,6031.366091,6571.928645,
Philippines,PHL,GDP per capita (current US$),NY.GDP.PCAP.CD,2129.499247,2352.518156,2581.818548,2760.289146,2842.938353,2878.33837,2950.913903,2988.952703,
Palau,PLW,GDP per capita (current US$),NY.GDP.PCAP.CD,8933.219345,9380.824312,10340.51932,10771.78298,11646.68152,13769.44758,14136.84137,13338.09655,
Papua New Guinea,PNG,GDP per capita (current US$),NY.GDP.PCAP.CD,2004.818112,2474.061846,2865.873252,2800.169029,2973.270549,2605.945969,2353.511589,2488.899697,
Poland,POL,GDP per capita (current US$),NY.GDP.PCAP.CD,12597.86239,13890.69624,13143.52122,13780.19061,14345.18606,12556.35575,12430.6296,13863.17788,
Pre-demographic dividend,PRE,GDP per capita (current US$),NY.GDP.PCAP.CD,1368.316405,1555.182794,1666.018037,1771.291479,1840.636521,1573.29621,1387.668478,1432.454235,
Puerto Rico,PRI,GDP per capita (current US$),NY.GDP.PCAP.CD,26435.74879,27278.88305,27944.73389,28513.16574,28981.45733,29763.95963,30518.18278,,
"Korea, Dem. People’s Rep.",PRK,GDP per capita (current US$),NY.GDP.PCAP.CD,,,,,,,,,
Portugal,PRT,GDP per capita (current US$),NY.GDP.PCAP.CD,22538.65408,23196.18375,20577.40264,21618.73534,22077.53613,19252.63495,19871.71897,21136.29721,
Paraguay,PRY,GDP per capita (current US$),NY.GDP.PCAP.CD,4382.690449,5356.956969,5217.445724,5967.656872,6146.664055,5447.118631,5360.985931,5823.766137,
West Bank and Gaza,PSE,GDP per capita (current US$),NY.GDP.PCAP.CD,2338.719877,2664.951385,2787.169738,2992.200995,2960.778004,2865.805109,2949.688085,3094.725747,
Pacific island small states,PSS,GDP per capita (current US$),NY.GDP.PCAP.CD,2898.043659,3403.110136,3587.744312,3669.764949,3777.927219,3641.175631,3777.950768,3995.446872,
Post-demographic dividend,PST,GDP per capita (current US$),NY.GDP.PCAP.CD,39448.58442,42231.77159,41989.34482,42165.87919,42821.20174,40337.9538,41041.87232,42526.45314,
French Polynesia,PYF,GDP per capita (current US$),NY.GDP.PCAP.CD,,,,,,,,,
Qatar,QAT,GDP per capita (current US$),NY.GDP.PCAP.CD,70306.22784,85948.07046,88564.82298,88304.87958,86852.71019,65177.22879,59044.24729,63249.42243,
Romania,ROU,GDP per capita (current US$),NY.GDP.PCAP.CD,8209.919456,9104.995622,8535.046876,9555.244217,10026.97358,8977.498544,9567.097782,10817.83379,
Russian Federation,RUS,GDP per capita (current US$),NY.GDP.PCAP.CD,10674.98771,14351.21205,15434.57478,16007.08999,14125.90873,9346.61636,8759.036118,10743.09659,
Rwanda,RWA,GDP per capita (current US$),NY.GDP.PCAP.CD,563.4013453,624.1228849,679.8607504,688.8223493,706.5967098,711.7739773,711.1957913,748.2920943,
South Asia,SAS,GDP per capita (current US$),NY.GDP.PCAP.CD,1252.178771,1373.73465,1370.189137,1387.135899,1499.478807,1545.761363,1643.434838,1842.255349,
Saudi Arabia,SAU,GDP per capita (current US$),NY.GDP.PCAP.CD,19259.58726,23770.74739,25303.09462,24934.38614,24575.40304,20732.86172,19982.08563,20849.29137,
Sudan,SDN,GDP per capita (current US$),NY.GDP.PCAP.CD,1476.478087,1666.857757,1892.894352,1955.660799,2176.898029,2513.884661,2415.038162,2898.549346,
Senegal,SEN,GDP per capita (current US$),NY.GDP.PCAP.CD,1255.402738,1344.177217,1300.791844,1342.758689,1359.189351,1186.327514,1231.142595,1329.304228,
Singapore,SGP,GDP per capita (current US$),NY.GDP.PCAP.CD,46569.67951,53237.56491,54715.69483,56389.18178,56957.07857,54940.85814,55243.13288,57714.29663,
Solomon Islands,SLB,GDP per capita (current US$),NY.GDP.PCAP.CD,1290.572374,1728.50516,1928.956751,2004.899972,2036.942056,1965.422037,2056.489933,2132.115068,
Sierra Leone,SLE,GDP per capita (current US$),NY.GDP.PCAP.CD,399.1543676,445.052005,561.8984239,710.8186998,708.4394757,582.9362031,480.7930211,499.5291033,
El Salvador,SLV,GDP per capita (current US$),NY.GDP.PCAP.CD,2992.545274,3275.508626,3437.599638,3515.947201,3595.790733,3669.878992,3768.837705,3889.308769,
San Marino,SMR,GDP per capita (current US$),NY.GDP.PCAP.CD,68758.36862,65213.61899,56403.99483,57746.16607,54766.51307,46207.89103,47115.63807,48888.02517,
Somalia,SOM,GDP per capita (current US$),NY.GDP.PCAP.CD,,,,493.5141459,485.6020611,478.784799,472.2726933,478.3441749,
Serbia,SRB,GDP per capita (current US$),NY.GDP.PCAP.CD,5411.877404,6423.291783,5659.380204,6353.826383,6200.173221,5237.255334,5426.198279,5900.038108,
Sub-Saharan Africa (excluding high income),SSA,GDP per capita (current US$),NY.GDP.PCAP.CD,1555.813024,1718.478705,1760.952883,1824.936076,1864.858825,1654.166363,1492.328142,1572.338434,
South Sudan,SSD,GDP per capita (current US$),NY.GDP.PCAP.CD,,1653.131588,1041.459694,1336.645256,1309.487381,917.9214739,237.4441185,,
Sub-Saharan Africa,SSF,GDP per capita (current US$),NY.GDP.PCAP.CD,1556.757334,1719.49355,1761.928431,1826.157979,1866.056807,1655.382227,1493.57288,1573.607916,
Small states,SST,GDP per capita (current US$),NY.GDP.PCAP.CD,11108.97054,13175.71521,13497.55195,13729.12545,13834.9678,11551.02841,11145.18392,11946.58496,
Sao Tome and Principe,STP,GDP per capita (current US$),NY.GDP.PCAP.CD,1129.754961,1304.326189,1380.949959,1619.528517,1824.379217,1613.483465,1771.984789,1921.284473,
Suriname,SUR,GDP per capita (current US$),NY.GDP.PCAP.CD,8303.31332,8319.67216,9232.505153,9491.570453,9554.562288,8617.76176,5645.334104,5317.389539,
Slovak Republic,SVK,GDP per capita (current US$),NY.GDP.PCAP.CD,16600.61359,18187.15744,17274.6423,18191.61279,18629.77966,16132.86031,16529.54097,17604.95098,
Slovenia,SVN,GDP per capita (current US$),NY.GDP.PCAP.CD,23437.47202,24985.24827,22532.43564,23357.9392,24202.43084,20873.16111,21650.21276,23597.29173,
Sweden,SWE,GDP per capita (current US$),NY.GDP.PCAP.CD,52076.25591,59593.28711,57134.07707,60283.24522,59180.19898,50812.19086,51844.76126,53442.00828,
Eswatini,SWZ,GDP per capita (current US$),NY.GDP.PCAP.CD,3690.239228,3934.273373,3864.760436,3587.000316,3379.896499,3047.946756,2842.257229,3242.751065,
Sint Maarten (Dutch part),SXM,GDP per capita (current US$),NY.GDP.PCAP.CD,,,,,,,,,
Seychelles,SYC,GDP per capita (current US$),NY.GDP.PCAP.CD,10804.68447,12189.09516,12006.64168,14765.68233,14700.36313,14745.31375,15077.84844,15629.30594,
Syrian Arab Republic,SYR,GDP per capita (current US$),NY.GDP.PCAP.CD,,,,,,,,,
Turks and Caicos Islands,TCA,GDP per capita (current US$),NY.GDP.PCAP.CD,,,,,,,,,
Chad,TCD,GDP per capita (current US$),NY.GDP.PCAP.CD,896.5697341,989.2363633,973.4702574,986.0103177,1025.998515,781.3310573,698.2108863,662.5001146,
East Asia & Pacific (IDA & IBRD countries),TEA,GDP per capita (current US$),NY.GDP.PCAP.CD,4051.867383,4917.929165,5446.809268,5968.185535,6370.64783,6579.686088,6648.644294,7201.594243,
Europe & Central Asia (IDA & IBRD countries),TEC,GDP per capita (current US$),NY.GDP.PCAP.CD,8233.918991,9961.679542,10343.70159,10917.80673,10265.77761,7950.605332,7615.706386,8487.002958,
Togo,TGO,GDP per capita (current US$),NY.GDP.PCAP.CD,526.8410724,579.0130763,564.6971486,613.4402094,632.0313104,563.4753638,586.0522537,610.1517301,
Thailand,THA,GDP per capita (current US$),NY.GDP.PCAP.CD,5075.302176,5491.159981,5859.887644,6168.394881,5953.793928,5846.394608,5979.293546,6595.004125,
Tajikistan,TJK,GDP per capita (current US$),NY.GDP.PCAP.CD,738.3475227,834.5412953,954.7205253,1040.137412,1104.459019,918.8119145,795.9607475,801.0508713,
Turkmenistan,TKM,GDP per capita (current US$),NY.GDP.PCAP.CD,4439.203,5649.978486,6675.262954,7304.420525,7962.365824,6432.68417,6389.354326,6586.625863,
Latin America & the Caribbean (IDA & IBRD countries),TLA,GDP per capita (current US$),NY.GDP.PCAP.CD,8880.204872,10008.32737,9985.93354,10114.33737,10194.20621,8602.549078,8283.527189,9111.807358,
Timor-Leste,TLS,GDP per capita (current US$),NY.GDP.PCAP.CD,3603.940551,5021.462224,5766.969812,4770.315933,3335.548567,2501.577386,1987.118804,2279.253204,
Middle East & North Africa (IDA & IBRD countries),TMN,GDP per capita (current US$),NY.GDP.PCAP.CD,4143.288742,4611.075979,4989.655386,4597.043856,4444.104498,3942.887352,3915.34289,3799.867898,
Tonga,TON,GDP per capita (current US$),NY.GDP.PCAP.CD,3548.068399,4044.979721,4500.750362,4278.884567,4196.470593,4093.849585,3744.492261,3959.079757,
South Asia (IDA & IBRD),TSA,GDP per capita (current US$),NY.GDP.PCAP.CD,1252.178771,1373.73465,1370.189137,1387.135899,1499.478807,1545.761363,1643.434838,1842.255349,
Sub-Saharan Africa (IDA & IBRD countries),TSS,GDP per capita (current US$),NY.GDP.PCAP.CD,1556.757334,1719.49355,1761.928431,1826.157979,1866.056807,1655.382227,1493.57288,1573.607916,
Trinidad and Tobago,TTO,GDP per capita (current US$),NY.GDP.PCAP.CD,16683.42242,19004.15714,19083.21481,19713.37929,20081.52191,17941.23794,16334.21714,16126.37095,
Tunisia,TUN,GDP per capita (current US$),NY.GDP.PCAP.CD,4140.15177,4256.91279,4137.54814,4199.084678,4274.292832,3827.729834,3666.357154,3464.41689,
Turkey,TUR,GDP per capita (current US$),NY.GDP.PCAP.CD,10672.40036,11340.82227,11720.31301,12542.72093,12127.46146,10984.80288,10862.72643,10546.15256,
Tuvalu,TUV,GDP per capita (current US$),NY.GDP.PCAP.CD,3021.889528,3642.437689,3512.516068,3466.967564,3418.645719,3232.07334,3295.720635,3549.974741,
Tanzania,TZA,GDP per capita (current US$),NY.GDP.PCAP.CD,701.6045501,733.4128065,820.1562898,903.3618621,950.8183028,872.2031652,878.4033712,936.330768,
Uganda,UGA,GDP per capita (current US$),NY.GDP.PCAP.CD,595.2061732,574.9195768,636.6382045,655.0495315,702.795104,675.1211397,581.7027729,606.4684535,
Ukraine,UKR,GDP per capita (current US$),NY.GDP.PCAP.CD,2965.142365,3569.757027,3855.42128,4029.715504,3104.658296,2124.662666,2185.728031,2639.824326,
Upper middle income,UMC,GDP per capita (current US$),NY.GDP.PCAP.CD,6297.686024,7470.462587,7953.338288,8403.069118,8624.580717,7968.39681,7870.510072,8610.652409,
Uruguay,URY,GDP per capita (current US$),NY.GDP.PCAP.CD,11938.212,14166.49909,15092.06819,16881.20568,16737.89827,15524.84247,15298.35089,16245.59837,
United States,USA,GDP per capita (current US$),NY.GDP.PCAP.CD,48375.40695,49793.71352,51450.95911,52782.08651,54696.72617,56443.81724,57588.53807,59531.66196,
Uzbekistan,UZB,GDP per capita (current US$),NY.GDP.PCAP.CD,1377.08214,1564.966945,1740.468298,1907.551233,2050.448414,2137.576852,2117.74443,1533.852038,
St. Vincent and the Grenadines,VCT,GDP per capita (current US$),NY.GDP.PCAP.CD,6231.770232,6183.676822,6338.117781,6597.228304,6654.484003,6901.996541,7029.743842,7145.076837,
"Venezuela, RB",VEN,GDP per capita (current US$),NY.GDP.PCAP.CD,13545.26345,10741.57638,12755.00008,12237.19374,15692.41288,,,,
British Virgin Islands,VGB,GDP per capita (current US$),NY.GDP.PCAP.CD,,,,,,,,,
Virgin Islands (U.S.),VIR,GDP per capita (current US$),NY.GDP.PCAP.CD,40043.19017,39144.16577,37849.72872,34819.14775,33573.09703,34899.26655,,,
Vietnam,VNM,GDP per capita (current US$),NY.GDP.PCAP.CD,1310.370273,1515.479925,1722.683931,1871.325491,2012.04629,2065.169099,2170.648054,2342.244003,
Vanuatu,VUT,GDP per capita (current US$),NY.GDP.PCAP.CD,2965.802434,3275.091684,3158.58688,3167.343056,3148.365103,2788.770919,2913.967232,3123.614591,
World,WLD,GDP per capita (current US$),NY.GDP.PCAP.CD,9514.945149,10451.4535,10563.1522,10730.31579,10890.51658,10182.19251,10208.99705,10721.60885,
Samoa,WSM,GDP per capita (current US$),NY.GDP.PCAP.CD,3453.434298,3942.051645,4234.640751,4219.024862,4187.230599,4150.00378,4031.46704,4280.838915,
Kosovo,XKX,GDP per capita (current US$),NY.GDP.PCAP.CD,3283.510304,3736.363217,3600.673475,3876.958302,4054.721339,3574.543333,3697.121677,3957.441819,
"Yemen, Rep.",YEM,GDP per capita (current US$),NY.GDP.PCAP.CD,1309.23196,1349.42025,1421.171575,1580.181601,1647.033657,1693.907815,1320.924127,1106.803906,
South Africa,ZAF,GDP per capita (current US$),NY.GDP.PCAP.CD,7276.376756,7967.678159,7478.136578,6819.062302,6429.02395,5742.9878,5279.730472,6151.077955,
Zambia,ZMB,GDP per capita (current US$),NY.GDP.PCAP.CD,1463.213573,1644.619672,1734.930612,1850.793359,1738.088202,1313.889646,1262.989682,1513.276316,
Zimbabwe,ZWE,GDP per capita (current US$),NY.GDP.PCAP.CD,854.8476653,980.2088242,1163.418689,1268.126633,1264.983826,1265.294413,1272.33545,1333.395663,
